{
  "device": {
    "omega_levels": [ 0.0,0.38854778 , 3.90223828 , 6.11015607 , 9.18289193 , 12.2289655, 15.28019802 , 18.13555164 , 20.6373502 , 22.70711498 , 24.55386541 , 26.49697931, 28.62129318 , 30.86140649 , 33.18640804 , 35.59025599 , 38.06348945 , 40.59499623, 43.17494053 ,45.79374849
], 
    "n_matrix": [
       [1.58134835e-32, 8.47800328e-02, 1.00074666e-16, 2.40323878e-01,
        2.60856889e-16, 1.66658155e-01, 3.99864639e-16, 2.63516240e-02,
        5.38084049e-16, 4.19576784e-02, 2.88820506e-16, 1.98647774e-02,
        1.54802770e-16, 6.84197400e-03, 8.18786000e-17, 6.81955414e-04,
        2.77003095e-17, 2.53631039e-03, 1.65799573e-16, 8.51768476e-04],
       [8.47800328e-02, 7.10556471e-33, 7.74431036e-01, 2.87015807e-16,
        2.30351387e-01, 4.26735154e-16, 4.25122559e-02, 1.44604291e-15,
        1.38826614e-02, 4.56927856e-16, 3.29885220e-02, 5.70444677e-16,
        3.50756059e-03, 2.81473608e-15, 3.96067204e-03, 8.64063864e-16,
        2.15377975e-03, 2.99676298e-15, 5.68244687e-03, 2.22910210e-17],
       [1.00074666e-16, 7.74431036e-01, 5.30907466e-32, 1.91348125e-01,
        1.37307130e-16, 1.84630396e-01, 1.34922811e-15, 1.16289617e-01,
        1.66210807e-15, 8.83898879e-02, 1.06673737e-15, 2.51842166e-02,
        3.03713550e-16, 4.26724780e-03, 1.70641976e-16, 4.02276197e-03,
        1.03293791e-17, 8.64480050e-03, 4.91373507e-16, 1.54248884e-04],
       [2.40323878e-01, 2.87015807e-16, 1.91348125e-01, 3.86451407e-32,
        7.70352960e-01, 1.67517948e-15, 2.72782787e-01, 1.32722050e-15,
        1.28904962e-01, 6.69254692e-16, 1.59524981e-01, 8.99449514e-16,
        2.78529976e-02, 8.30031741e-16, 1.00921086e-02, 7.84615131e-16,
        5.54419994e-03, 6.43200170e-16, 2.16193744e-02, 5.01910648e-16],
       [2.60856889e-16, 2.30351387e-01, 1.37307130e-16, 7.70352960e-01,
        4.43557212e-32, 7.34123576e-01, 1.83019120e-16, 5.13433240e-01,
        6.55576084e-16, 1.32606021e-03, 1.92222911e-15, 2.03912703e-02,
        8.18074350e-16, 5.31129247e-02, 9.19206878e-16, 3.08526490e-02,
        5.20601800e-16, 9.08204510e-03, 4.72540031e-16, 1.49614905e-02],
       [1.66658155e-01, 4.26735154e-16, 1.84630396e-01, 1.67517948e-15,
        7.34123576e-01, 2.20758567e-33, 1.20433537e+00, 4.28566749e-16,
        1.53813003e-01, 1.26017931e-15, 1.21314445e-01, 8.06765161e-16,
        2.74969491e-01, 6.13128827e-15, 7.05692407e-02, 2.26232308e-15,
        4.45045855e-03, 2.69884487e-15, 2.84552660e-02, 1.57768389e-15],
       [3.99864639e-16, 4.25122559e-02, 1.34922811e-15, 2.72782787e-01,
        1.83019120e-16, 1.20433537e+00, 2.43055046e-32, 1.00805283e+00,
        5.88082229e-15, 3.56856407e-02, 2.52594803e-15, 2.38563582e-01,
        1.38037227e-15, 1.32867522e-01, 9.68555593e-16, 4.86132431e-02,
        2.13432903e-15, 5.94423162e-02, 1.17523189e-15, 5.04487555e-03],
       [2.63516240e-02, 1.44604291e-15, 1.16289617e-01, 1.32722050e-15,
        5.13433240e-01, 4.28566749e-16, 1.00805283e+00, 3.21430528e-31,
        1.01124480e+00, 5.21106784e-15, 1.29107831e-01, 5.23401297e-15,
        3.37182173e-01, 4.78069847e-15, 3.04313264e-01, 5.25361955e-15,
        1.66075940e-01, 1.76027719e-15, 9.56334312e-02, 3.27639804e-16],
       [5.38084049e-16, 1.38826614e-02, 1.66210807e-15, 1.28904962e-01,
        6.55576084e-16, 1.53813003e-01, 5.88082229e-15, 1.01124480e+00,
        9.15713151e-31, 1.00235484e+00, 1.83323296e-14, 1.89188610e-03,
        8.69082558e-15, 4.42341007e-01, 7.73498440e-15, 1.07352659e-01,
        3.77931656e-15, 7.67279272e-02, 4.18791306e-15, 4.23834504e-02],
       [4.19576784e-02, 4.56927856e-16, 8.83898879e-02, 6.69254692e-16,
        1.32606021e-03, 1.26017931e-15, 3.56856407e-02, 5.21106784e-15,
        1.00235484e+00, 4.52371370e-31, 1.02799356e+00, 1.25379065e-14,
        3.83533821e-01, 2.33229910e-14, 4.46349084e-01, 1.72759271e-15,
        8.37093037e-02, 3.16702912e-15, 2.41126418e-01, 6.28710504e-15],
       [2.88820506e-16, 3.29885220e-02, 1.06673737e-15, 1.59524981e-01,
        1.92222911e-15, 1.21314445e-01, 2.52594803e-15, 1.29107831e-01,
        1.83323296e-14, 1.02799356e+00, 1.89989807e-30, 1.07647138e+00,
        4.18312468e-15, 3.40468130e-01, 8.52598146e-15, 1.82009920e-01,
        9.69732729e-15, 2.20631587e-01, 2.79838253e-15, 2.64120059e-01],
       [1.98647774e-02, 5.70444677e-16, 2.51842166e-02, 8.99449514e-16,
        2.03912703e-02, 8.06765161e-16, 2.38563582e-01, 5.23401297e-15,
        1.89188610e-03, 1.25379065e-14, 1.07647138e+00, 3.85518614e-32,
        1.14088451e+00, 2.20508863e-14, 2.31381495e-01, 1.54212707e-15,
        3.56767396e-01, 3.71466029e-16, 1.45254500e-01, 1.34546737e-15],
       [1.54802770e-16, 3.50756059e-03, 3.03713550e-16, 2.78529976e-02,
        8.18074350e-16, 2.74969491e-01, 1.38037227e-15, 3.37182173e-01,
        8.69082558e-15, 3.83533821e-01, 4.18312468e-15, 1.14088451e+00,
        1.22461398e-30, 1.07376594e+00, 2.56602914e-14, 8.18239132e-01,
        1.69652071e-14, 1.48241033e-01, 1.38565907e-14, 1.71213737e-02],
       [6.84197400e-03, 2.81473608e-15, 4.26724780e-03, 8.30031741e-16,
        5.31129247e-02, 6.13128827e-15, 1.32867522e-01, 4.78069847e-15,
        4.42341007e-01, 2.33229910e-14, 3.40468130e-01, 2.20508863e-14,
        1.07376594e+00, 2.03987384e-30, 1.82771230e+00, 1.89797276e-14,
        7.60286516e-01, 3.83763217e-15, 4.07284821e-02, 9.10470393e-15],
       [8.18786000e-17, 3.96067204e-03, 1.70641976e-16, 1.00921086e-02,
        9.19206878e-16, 7.05692407e-02, 9.68555593e-16, 3.04313264e-01,
        7.73498440e-15, 4.46349084e-01, 8.52598146e-15, 2.31381495e-01,
        2.56602914e-14, 1.82771230e+00, 3.74802149e-31, 6.30906024e-01,
        5.93145865e-15, 3.99291166e-01, 1.97403582e-14, 5.21398433e-04],
       [6.81955414e-04, 8.64063864e-16, 4.02276197e-03, 7.84615131e-16,
        3.08526490e-02, 2.26232308e-15, 4.86132431e-02, 5.25361955e-15,
        1.07352659e-01, 1.72759271e-15, 1.82009920e-01, 1.54212707e-15,
        8.18239132e-01, 1.89797276e-14, 6.30906024e-01, 3.32627302e-31,
        1.80624645e+00, 1.60210448e-14, 6.18258323e-01, 5.15208795e-15],
       [2.77003095e-17, 2.15377975e-03, 1.03293791e-17, 5.54419994e-03,
        5.20601800e-16, 4.45045855e-03, 2.13432903e-15, 1.66075940e-01,
        3.77931656e-15, 8.37093037e-02, 9.69732729e-15, 3.56767396e-01,
        1.69652071e-14, 7.60286516e-01, 5.93145865e-15, 1.80624645e+00,
        2.87314828e-31, 9.64632948e-01, 3.16366612e-14, 2.83231865e-01],
       [2.53631039e-03, 2.99676298e-15, 8.64480050e-03, 6.43200170e-16,
        9.08204510e-03, 2.69884487e-15, 5.94423162e-02, 1.76027719e-15,
        7.67279272e-02, 3.16702912e-15, 2.20631587e-01, 3.71466029e-16,
        1.48241033e-01, 3.83763217e-15, 3.99291166e-01, 1.60210448e-14,
        9.64632948e-01, 1.66322189e-31, 1.98691694e+00, 3.78326767e-14],
       [1.65799573e-16, 5.68244687e-03, 4.91373507e-16, 2.16193744e-02,
        4.72540031e-16, 2.84552660e-02, 1.17523189e-15, 9.56334312e-02,
        4.18791306e-15, 2.41126418e-01, 2.79838253e-15, 1.45254500e-01,
        1.38565907e-14, 4.07284821e-02, 1.97403582e-14, 6.18258323e-01,
        3.16366612e-14, 1.98691694e+00, 7.58853341e-31, 1.56660636e+00],
       [8.51768476e-04, 2.22910210e-17, 1.54248884e-04, 5.01910648e-16,
        1.49614905e-02, 1.57768389e-15, 5.04487555e-03, 3.27639804e-16,
        4.23834504e-02, 6.28710504e-15, 2.64120059e-01, 1.34546737e-15,
        1.71213737e-02, 9.10470393e-15, 5.21398433e-04, 5.15208795e-15,
        2.83231865e-01, 3.78326767e-14, 1.56660636e+00, 3.51689804e-30]]
    ,
    "omega_r": 49.794686,
    "g": 1.429425,
    "kappa": 0.031415926535897934,
    "resonator_dim": 65
  },
  "pulse": {
    "omega_d": 49.794686,
    "epsilon1": 0.251327,
    "epsilon2": 0.204204,
    "t_switch": 100.0,
    "t_off": 300.0
},
  "simulation": {
    "t_final": 600.0,
    "n_steps": 50,
    "measurement_efficiency": 0.4,
    "t1": 1000000.0,
    "save_states": false,
    "progress": false
  }
}